,queries 0,certified 0,% good ML in hull 0
0,10,8,0.0
1,10,14,1.0
2,10,21,1.0
3,10,27,0.5
4,10,33,0.5
5,10,39,0.5
6,10,45,0.5
7,10,51,0.2222222222222222
8,10,58,0.2222222222222222
9,10,64,0.1712809154669619
