,queries,certified,good_in,good_out
0,10,10,0.0,0.0
1,9,18,0.889128511391285,0.078125
2,7,24,0.446969696969697,0.03611111111111111
3,9,31,0.4825388026607539,0.048507462686567165
4,10,39,0.21598692810457518,0.0675925925925926
5,10,48,0.21606855302507477,0.0675925925925926
6,10,57,0.21612698412698414,0.012896825396825398
7,10,66,0.21628360544694367,0.005787037037037038
8,8,75,0.21635802469135804,0.005787037037037038
9,8,84,0.2164305219804817,0.005787037037037038
