,queries,certified,good_in,good_out
0,10,10,0.0,0.0
1,7,15,1.0,0.5258215962441315
2,10,22,1.0,0.7196799005516277
3,9,29,1.0,0.7189968404423381
4,10,36,0.4772727272727273,0.3630903742441576
5,10,43,0.4807692307692308,0.3630903742441576
6,10,50,0.125,0.09494047619047619
7,10,57,0.41666666666666663,0.3494615539452496
8,10,66,0.3055555555555556,0.24264459205582395
9,10,74,0.375,0.2901821658615137
