,queries,certified,good_in,good_out
0,10,10,0.0,0.0
1,9,17,0.9871794871794872,0.6317087608524072
2,10,24,0.9875,0.6453703703703704
3,9,31,0.9880952380952381,0.6425213675213675
4,10,38,0.4941860465116279,0.32126068376068373
5,10,46,0.49444444444444446,0.2964385474860335
6,10,55,0.6630434782608695,0.5359350691885695
7,10,63,0.6631944444444444,0.48075112270027526
8,10,71,0.657051282051282,0.4996676636756397
9,10,79,0.6572327044025158,0.5160075329566856
