,queries,certified,good
0,10,8,0.0
1,10,12,0.4666666666666667
2,10,15,0.8200000000000001
3,10,18,0.6066666666666667
4,10,21,0.38000000000000006
5,10,24,0.32666666666666666
6,10,27,0.3866666666666667
7,10,31,0.41145833333333337
8,10,35,0.3912037037037037
9,10,38,0.3225
