,queries,certified,good_in,good_out
0,10,8,0.0,0.0
1,10,14,0.9,0.5
2,8,19,0.43309859154929575,0.0
3,10,25,0.5282828282828284,0.3333333333333333
4,10,29,0.47920858484238765,0.16666666666666666
5,10,35,0.6220657276995305,0.5
6,10,40,0.1703182055294731,0.1111111111111111
7,10,44,0.40252976190476186,0.10833333333333334
8,10,48,0.40252976190476186,0.10833333333333334
9,10,52,0.1703182055294731,0.05555555555555555
