,queries,certified,good_in,good_out
0,10,8,0.0,0.0
1,7,11,1.0,0.9833333333333334
2,8,16,0.6666666666666666,0.6008488612836439
3,8,19,0.6666666666666666,0.6301169590643275
4,10,24,0.6666666666666666,0.578131807607257
5,10,28,0.5,0.4661277554500061
6,10,33,0.10416666666666666,0.09245580808080808
7,10,37,0.10416666666666666,0.07205737934904602
8,10,43,0.41666666666666663,0.28720238095238093
9,10,48,0.41666666666666663,0.41121031746031744
