,ARI 0,AMI 0,FMI 0
0,0.998335440111386,0.9978852032969467,0.9985690863057306
1,0.9971338379275366,0.9959734128217935,0.9975375243031456
2,1.0,1.0,1.0
3,0.9977133009431053,0.9960762516233724,0.9980357056408891
4,0.9968422624713814,0.9958274185481301,0.9972879010376644
5,0.9985639704957755,0.997943276262484,0.9987666623960337
6,1.0,1.0,1.0
7,1.0,1.0,1.0
8,0.9977732315764899,0.9960680311541336,0.9980876613858909
9,1.0,1.0,1.0
