,queries 0,certified 0,% good ML in hull 0
0,10,6,0.0
1,10,11,0.2992424242424242
2,10,14,0.0841973886328725
3,10,17,0.1407935684647303
4,10,21,0.0144033613131669
5,10,24,0.0655133237334324
6,10,27,0.0014720019672928
7,10,29,0.0100918788268401
8,10,32,0.0053698954250346
9,10,33,0.0092953723181896
