,queries,certified,good_in,good_out
0,10,9,0.0,0.0
1,10,14,0.2467105263157895,0.2272727272727273
2,10,21,0.6666666666666666,0.6363636363636364
3,10,27,0.2209302325581395,0.20987654320987656
4,10,33,0.2833333333333333,0.07619047619047618
5,10,39,0.2833333333333333,0.23809523809523808
6,10,45,0.2833333333333333,0.23728070175438595
7,10,52,0.2833333333333333,0.25833333333333336
8,10,58,0.41185897435897434,0.041666666666666664
9,10,64,0.41185897435897434,0.041666666666666664
