,queries 0,certified 0,% good ML in hull 0
0,10,6,0.0
1,10,10,1.0
2,10,13,0.5
3,10,15,0.4166666666666667
4,10,18,0.4166666666666667
5,10,20,0.4027777777777778
6,10,22,0.3888888888888888
7,10,24,0.3878205128205128
8,10,26,0.3878205128205128
9,10,28,0.3878205128205128
