,queries 0,certified 0,% good ML in hull 0
0,10,6,0.0
1,10,11,0.5
2,10,14,0.4222222222222222
3,10,17,0.2757936507936507
4,10,19,0.0809985632183908
5,10,23,0.0997023809523809
6,10,27,0.0999348958333333
7,10,29,0.2274305555555555
8,10,32,0.2853565705128205
9,10,36,0.3856770833333333
