Dataset,ARI qual avg,ARI qual conf,ARI sim avg,ARI sim conf,AMI qual avg,AMI qual conf,AMI sim avg,AMI sim conf,FMI qual avg,FMI qual conf,FMI sim avg,FMI sim conf,time avg,time conf
iris,0.756933443255418,1.1102230246251565e-16,0.9459435003663683,0.0,0.7815642723478229,2.220446049250313e-16,0.9435087464002362,5.551115123125783e-17,0.8385588816426703,1.1102230246251565e-16,0.9473662993818865,0.0,,
glass,0.27066688076451956,2.7755575615628914e-17,0.9460411833749524,5.551115123125783e-17,0.41155310589285626,5.551115123125783e-17,0.9418538352182342,0.0,0.511469473576291,0.0,0.9476550175318852,5.551115123125783e-17,,
wine,0.4049022441695359,0.0,0.9425486870049765,0.0,0.44350988003250735,0.0,0.9401114352479971,0.0,0.6062526013952193,0.0,0.9451900151526366,0.0,,
ionosphere,0.18705561591233277,8.326672684688674e-17,0.9476744361762118,0.0,0.14287365662933987,0.0,0.9452587357445876,0.0,0.6094811568017927,1.1102230246251565e-16,0.9488542362892571,0.0,,
target,0.6358420250257983,5.551115123125783e-17,0.9483335707585683,1.1102230246251565e-16,0.6317653998279712,5.551115123125783e-17,0.9434756056917895,5.551115123125783e-17,0.792969398981807,1.1102230246251565e-16,0.9488574216749491,1.1102230246251565e-16,,
aniso,0.5745199761843922,0.0,0.9455742456138974,0.0,0.6064936704208983,1.6653345369377348e-16,0.9414983180202761,1.1102230246251565e-16,0.7158195186090686,2.7755575615628914e-16,0.9470875241638992,5.551115123125783e-17,,
varied,0.8094972921904858,2.220446049250313e-16,0.9471544708124995,0.0,0.7970426096699069,1.1102230246251565e-16,0.9447717390980162,0.0,0.8734735009421584,1.1102230246251565e-16,0.9481400664979928,5.551115123125783e-17,,
blobs,0.9758514386967575,2.7755575615628914e-16,0.949394594761201,0.0,0.9609868660448468,1.1102230246251565e-16,0.9488694387462213,0.0,0.9838691793434156,3.3306690738754696e-16,0.9495964323034642,0.0,,
circles,0.00040423724318923774,1.0842021724855044e-19,0.9454704764378568,1.1102230246251565e-16,0.0002926760128092468,1.0842021724855044e-19,0.9413237146468572,1.1102230246251565e-16,0.49962967193567676,8.326672684688674e-17,0.9478786875635754,5.551115123125783e-17,,
halfmoons,0.2804406617618673,2.7755575615628914e-17,0.9434978154013428,1.1102230246251565e-16,0.21315308084101134,2.7755575615628914e-17,0.9317485553274433,2.220446049250313e-16,0.6395323842866716,5.551115123125783e-17,0.9469950517286615,5.551115123125783e-17,,
