,queries,certified,good_in,good_out
0,10,8,0.0,0.0
1,10,12,0.07407407407407407,0.07281144781144781
2,10,15,0.125,0.12073863636363635
3,10,19,0.024691358024691357,0.01818181818181818
4,10,23,0.0763888888888889,0.01647727272727273
5,10,27,0.0763888888888889,0.01647727272727273
6,10,32,0.0763888888888889,0.009722222222222222
7,10,36,0.3055555555555556,0.06584967320261438
8,10,39,0.2833333333333333,0.14068627450980392
9,10,42,0.2833333333333333,0.275
