,queries,certified,good
0,10,8,0.0
1,10,17,0.21728268543189636
2,10,26,0.2153206791796719
3,10,35,0.2155185857693587
4,10,43,0.10140016605596325
5,10,52,0.2762758907463225
6,8,59,0.48907722101684775
7,8,66,0.4865156769286864
8,10,75,0.299933842414835
9,10,84,0.29993530932336265
