,queries 0,certified 0,% good ML in hull 0
0,10,8,0.0
1,10,14,0.663093901982791
2,10,20,0.4150747970192414
3,10,26,0.4017489711934156
4,10,32,0.4017489711934156
5,10,38,0.4017489711934156
6,10,44,0.4017489711934156
7,10,50,0.4017489711934156
8,10,56,0.4017489711934156
9,8,61,0.4017489711934156
