,queries 0,certified 0,% good ML in hull 0
0,10,8,0.0
1,5,11,0.9772727272727272
2,3,13,0.2453703703703703
3,3,15,0.2083333333333333
4,3,17,0.2083333333333333
5,0,17,0.2083333333333333
6,0,17,0.2083333333333333
7,0,17,0.2083333333333333
8,0,17,0.2083333333333333
9,0,17,0.2083333333333333
