,queries,certified,good
0,10,7,0.0
1,10,12,0.8918918918918919
2,10,17,0.89
3,10,22,0.8831168831168832
4,10,27,0.8789808917197452
5,10,32,0.8821656050955414
6,10,37,0.8829113924050633
7,10,42,0.9273504273504273
8,10,47,0.9294871794871794
9,10,52,0.9316239316239315
