,queries 0,certified 0,% good ML in hull 0
0,10,8,0.0
1,10,15,0.8540106951871658
2,10,23,0.245
3,9,32,0.5155030938929244
4,10,42,0.3636574074074074
5,10,53,0.2793565216725613
6,10,62,0.2598621632996633
7,10,72,0.2724765974765975
8,10,82,0.2309819580005915
9,10,93,0.0965725373294661
