,queries 0,certified 0,% good ML in hull 0
0,10,9,0.0
1,10,15,0.25
2,10,21,0.5
3,10,28,0.1666666666666666
4,10,34,0.0555555555555555
5,10,42,0.1022727272727272
6,10,49,0.0249565972222222
7,10,56,0.0248577048171589
8,10,62,0.0208218684486373
9,10,70,0.0556666666666666
