,ARI 0,AMI 0,FMI 0
0,0.9960317070234899,0.990721959076654,0.9977981759110659
1,1.0,1.0,1.0
2,0.9988887734167171,0.995976210373668,0.9993833090049511
3,0.998888562913306,0.9959788592074779,0.9993827215565029
4,0.9988883512664033,0.9959815006969812,0.9993821345042216
5,0.996647862847861,0.9879518910880322,0.9981351998372505
6,0.9977760533835354,0.9919731521856752,0.998762259220739
7,1.0,1.0,1.0
8,1.0,1.0,1.0
9,0.9904509152515512,0.9742791831374243,0.9946874367228102
