,queries,certified,good_in,good_out
0,10,7,0.0,0.0
1,10,13,0.4903846153846154,0.4962686567164179
2,10,18,1.0,0.9769736842105263
3,10,23,0.2222222222222222,0.2222222222222222
4,10,29,0.2222222222222222,0.2156215621562156
5,10,34,0.25,0.24257425742574257
6,10,39,0.25,0.24257425742574257
7,10,45,0.24845679012345678,0.24849397590361444
8,10,51,0.07362784471218205,0.05510388437217705
9,10,57,0.07362784471218205,0.05510388437217705
