,queries,certified,good_in,good_out
0,10,7,0.0,0.0
1,10,13,0.4915730337078652,0.5
2,10,18,0.9903225806451612,0.5
3,10,24,0.6575176366843034,0.6180371352785147
4,10,31,0.41170194458785064,0.34593023255813954
5,10,37,0.4936856098371552,0.35574860574860573
6,10,44,0.4940700500823831,0.3468137254901961
7,10,51,0.4941765241128298,0.3661616161616162
8,10,58,0.3017051950172969,0.2361111111111111
9,10,64,0.3017029267029267,0.2361111111111111
