,ARI 0,AMI 0,FMI 0
0,0.9994695834119738,0.9982318396367929,0.9997350617969257
1,0.9998673826649273,0.9994916030697562,0.9999337581428462
2,0.9998673826649273,0.9994916030697562,0.9999337581428462
3,0.9998673826649273,0.9994916030697562,0.9999337581428462
4,0.9998673826660668,0.9994916045364175,0.9999337578600122
5,1.0,1.0,1.0
6,1.0,1.0,1.0
7,1.0,1.0,1.0
8,1.0,1.0,1.0
9,1.0,1.0,1.0
