,queries 0,certified 0,% good ML in hull 0
0,10,8,0.0
1,7,13,0.8875368452875821
2,5,17,0.873085031623331
3,10,24,0.8713418633596017
4,10,31,0.0436460911968946
5,10,40,0.0774080314690896
6,10,45,0.0193563043550143
7,10,52,0.0152625682781305
8,10,59,0.0176862656753308
9,10,69,0.1776093369969098
