,queries,certified,good_in,good_out
0,10,6,0.0,0.0
1,10,11,0.29924242424242425,0.15402187456735428
2,10,14,0.0841973886328725,0.07954545454545454
3,10,17,0.1407935684647303,0.06666666666666667
4,10,21,0.014403361313166949,0.014403292181069957
5,10,24,0.06551332373343242,0.002700617283950617
6,10,27,0.0014720019672928798,0.00046502976190476193
7,10,29,0.010091878826840112,0.0012222222222222222
8,10,32,0.005369895425034684,0.0018973214285714288
9,10,33,0.009295372318189676,0.0005793650793650794
