,queries,certified,good_in,good_out
0,10,8,0.0,0.0
1,10,12,0.07407407407407407,0.07281144781144781
2,10,15,0.125,0.12073863636363635
3,10,19,0.024691358024691357,0.01824618736383442
4,10,22,0.0763888888888889,0.016513480392156863
5,10,25,0.0763888888888889,0.016513480392156863
6,10,28,0.3055555555555556,0.06605392156862745
7,10,32,0.3055555555555556,0.3055555555555556
8,10,34,0.3541666666666667,0.34375
9,10,36,0.2611111111111111,0.25277777777777777
