,queries,certified,good_in,good_out
0,10,8,0.0,0.0
1,10,10,0.0,0.0
2,10,12,0.0,0.0
3,10,14,1.0,1.0
4,10,16,0.125,0.125
5,10,18,0.25,0.25
6,10,20,0.375,0.3541666666666667
7,10,23,0.3541666666666667,0.09375
8,10,25,0.3541666666666667,0.09375
9,10,27,0.3541666666666667,0.09375
