,queries,certified,good
0,10,8,0.0
1,10,15,0.9947503306878307
2,8,21,0.9967532467532467
3,10,28,0.9983660130718954
4,10,35,0.9984276729559749
5,9,41,0.9984472049689441
6,9,47,0.9984472049689441
7,9,53,0.9984756097560976
8,9,59,0.9984756097560976
9,9,65,0.9984756097560976
