,queries 0,certified 0,% good ML in hull 0
0,10,8,0.0
1,4,10,1.0
2,3,12,1.0
3,5,15,1.0
4,6,19,0.25
5,9,27,0.6666666666666666
6,9,34,0.6458333333333334
7,10,42,0.6666666666666666
8,9,50,0.5
9,10,59,0.2833333333333333
