,queries,certified,good_in,good_out
0,10,8,0.0,0.0
1,10,14,0.663093901982791,0.6647509578544061
2,10,20,0.41507479701924144,0.3740421455938697
3,10,26,0.4017489711934156,0.41570881226053635
4,10,32,0.4017489711934156,0.41570881226053635
5,10,38,0.4017489711934156,0.41570881226053635
6,10,44,0.4017489711934156,0.41570881226053635
7,10,50,0.4017489711934156,0.41570881226053635
8,10,56,0.4017489711934156,0.41570881226053635
9,8,61,0.4017489711934156,0.41570881226053635
