,ARI 0,AMI 0,FMI 0
0,0.9483495923817754,0.9270997069033843,0.9657960565268351
1,1.0,1.0,1.0
2,1.0,1.0,1.0
3,1.0,1.0,1.0
4,1.0,1.0,1.0
5,1.0,1.0,1.0
6,1.0,1.0,1.0
7,1.0,1.0,1.0
8,1.0,1.0,1.0
9,1.0,1.0,1.0
