,queries 0,certified 0,% good ML in hull 0
0,10,8,0.0
1,7,11,1.0
2,8,16,0.6666666666666666
3,8,19,0.6666666666666666
4,10,24,0.6666666666666666
5,10,28,0.5
6,10,33,0.1041666666666666
7,10,37,0.1041666666666666
8,10,43,0.4166666666666666
9,10,48,0.4166666666666666
