,queries,certified,good_in,good_out
0,10,6,0.0,0.0
1,10,11,0.5,0.11764705882352941
2,10,14,0.4222222222222222,0.0
3,10,17,0.27579365079365076,0.0
4,10,19,0.0809985632183908,0.020833333333333332
5,10,23,0.09970238095238096,0.020833333333333332
6,10,27,0.09993489583333334,0.0625
7,10,29,0.22743055555555558,0.125
8,10,32,0.2853565705128205,0.0
9,10,36,0.38567708333333334,0.0
