,queries,certified,good
0,10,7,0.0
1,10,13,0.9831460674157304
2,10,17,1.0
3,10,23,1.0
4,10,28,1.0
5,10,35,0.9942028985507246
6,9,40,0.9914529914529915
7,9,45,0.9914529914529915
8,10,51,0.9931972789115646
9,10,57,0.9957537154989384
