,queries 0,certified 0,% good ML in hull 0
0,10,7,0.0
1,10,13,0.4903846153846154
2,10,18,1.0
3,10,23,0.2222222222222222
4,10,29,0.2222222222222222
5,10,34,0.25
6,10,39,0.25
7,10,45,0.2484567901234567
8,10,51,0.073627844712182
9,10,57,0.073627844712182
