,queries 0,certified 0,% good ML in hull 0
0,10,7,0.0
1,10,12,1.0
2,10,16,1.0
3,10,22,0.4921875
4,10,28,0.4791666666666666
5,10,34,0.4791666666666666
6,10,40,0.4791666666666666
7,10,47,0.4791666666666666
8,10,52,0.2083333333333333
9,10,56,0.2083333333333333
