,queries 0,certified 0,% good ML in hull 0
0,10,10,0.0
1,9,17,0.9871794871794872
2,10,24,0.9875
3,9,31,0.988095238095238
4,10,38,0.4941860465116279
5,10,46,0.4944444444444444
6,10,55,0.6630434782608695
7,10,63,0.6631944444444444
8,10,71,0.657051282051282
9,10,79,0.6572327044025158
