,queries 0,certified 0,% good ML in hull 0
0,10,10,0.0
1,9,18,0.889128511391285
2,7,24,0.446969696969697
3,9,31,0.4825388026607539
4,10,39,0.2159869281045751
5,10,48,0.2160685530250747
6,10,57,0.2161269841269841
7,10,66,0.2162836054469436
8,8,75,0.216358024691358
9,8,84,0.2164305219804817
