,queries 0,certified 0,% good ML in hull 0
0,10,10,0.0
1,7,15,1.0
2,10,22,1.0
3,9,29,1.0
4,10,36,0.4772727272727273
5,10,43,0.4807692307692308
6,10,50,0.125
7,10,57,0.4166666666666666
8,10,66,0.3055555555555556
9,10,74,0.375
