,queries 0,certified 0,% good ML in hull 0
0,10,8,0.0
1,10,14,0.9
2,8,19,0.4330985915492957
3,10,25,0.5282828282828284
4,10,29,0.4792085848423876
5,10,35,0.6220657276995305
6,10,40,0.1703182055294731
7,10,44,0.4025297619047618
8,10,48,0.4025297619047618
9,10,52,0.1703182055294731
