,queries,certified,good_in,good_out
0,10,8,0.0,0.0
1,7,13,0.8875368452875821,0.0
2,5,17,0.873085031623331,0.0
3,10,24,0.8713418633596017,0.3813559322033898
4,10,31,0.04364609119689465,0.03705864932062068
5,10,40,0.07740803146908966,0.06535557365822717
6,10,45,0.019356304355014325,0.013934212104082088
7,10,52,0.015262568278130577,0.013355211981579847
8,10,59,0.0176862656753308,0.015211454419927344
9,10,69,0.17760933699690987,0.18656176744046826
