,queries 0,certified 0,% good ML in hull 0
0,10,8,0.0
1,10,12,0.074074074074074
2,10,15,0.125
3,10,19,0.0246913580246913
4,10,23,0.0763888888888889
5,10,27,0.0763888888888889
6,10,32,0.0763888888888889
7,10,36,0.3055555555555556
8,10,39,0.2833333333333333
9,10,42,0.2833333333333333
