,queries 0,certified 0,% good ML in hull 0
0,10,8,0.0
1,10,12,0.074074074074074
2,10,15,0.125
3,10,19,0.0246913580246913
4,10,22,0.0763888888888889
5,10,25,0.0763888888888889
6,10,28,0.3055555555555556
7,10,32,0.3055555555555556
8,10,34,0.3541666666666667
9,10,36,0.2611111111111111
