,ARI 0,AMI 0,FMI 0
0,1.0,1.0,1.0
1,0.9999264539982406,0.9998818884073946,0.9999298099353724
2,1.0,1.0,1.0
3,1.0,1.0,1.0
4,0.9999264539982406,0.9998818884073946,0.9999298099353724
5,1.0,1.0,1.0
6,1.0,1.0,1.0
7,0.9999353524842407,0.9998835920874372,0.9999383022584196
8,0.9998355725339167,0.9997601103810857,0.9998430754333238
9,1.0,1.0,1.0
