,queries 0,certified 0,% good ML in hull 0
0,10,5,0.0
1,10,7,0.0
2,10,8,1.0
3,10,9,1.0
4,10,10,1.0
5,10,11,1.0
6,10,13,0.2357954545454545
7,10,15,0.2361111111111111
8,10,18,0.2164750957854406
9,10,21,0.3719362745098039
