,queries 0,certified 0,% good ML in hull 0
0,10,9,0.0
1,10,14,0.2467105263157895
2,10,21,0.6666666666666666
3,10,27,0.2209302325581395
4,10,33,0.2833333333333333
5,10,39,0.2833333333333333
6,10,45,0.2833333333333333
7,10,52,0.2833333333333333
8,10,58,0.4118589743589743
9,10,64,0.4118589743589743
