,queries 0,certified 0,% good ML in hull 0
0,10,9,0.0
1,10,14,0.25
2,10,19,0.5
3,10,24,1.0
4,10,29,0.6666666666666666
5,10,34,0.0763888888888889
6,8,38,0.0763888888888889
7,10,42,0.2916666666666667
8,10,47,0.3055555555555556
9,10,52,0.2208333333333333
