,queries,certified,good
0,10,7,0.0
1,10,12,0.9488188976377953
2,10,17,0.94921875
3,10,22,0.9492753623188405
4,10,28,0.9402298850574713
5,10,33,0.9406392694063926
6,10,38,0.9410430839002268
7,10,42,0.9414414414414415
8,10,46,1.0
9,10,51,1.0
