,queries 0,certified 0,% good ML in hull 0
0,10,7,0.0
1,10,13,0.4915730337078652
2,10,18,0.9903225806451612
3,10,24,0.6575176366843034
4,10,31,0.4117019445878506
5,10,37,0.4936856098371552
6,10,44,0.4940700500823831
7,10,51,0.4941765241128298
8,10,58,0.3017051950172969
9,10,64,0.3017029267029267
