,ARI 0,AMI 0,FMI 0
0,0.9834518259812853,0.9726124573429361,0.9890862198267297
1,0.9944416243924412,0.9888490359990135,0.9963291207041297
2,0.9944385585139648,0.9888535564634082,0.9963249430324461
3,0.9889042552516658,0.9802767173771462,0.992662044525621
4,0.994232697261279,0.9888108686159945,0.9961825808932765
5,0.9886172700880006,0.9776803347349508,0.9924594344679533
6,0.9884437271777816,0.9801912203383842,0.9923361180207265
7,1.0,1.0,1.0
8,1.0,1.0,1.0
9,1.0,1.0,1.0
