,ARI 0,AMI 0,FMI 0
0,0.9834518259812853,0.9726124573429361,0.9890862198267297
1,1.0,1.0,1.0
2,1.0,1.0,1.0
3,0.9831900393359846,0.9690750121385826,0.9888925436903866
4,1.0,1.0,1.0
5,0.9830905805033953,0.9690906514488433,0.9888071675207958
6,0.9942259815328802,0.9888201116812693,0.9961734798814501
7,0.9885687347791458,0.9776878849711207,0.9924185048837733
8,0.9885220605797675,0.9776924395482911,0.992380121439584
9,1.0,1.0,1.0
