,ARI 0,AMI 0,FMI 0
0,0.9834518259812853,0.9726124573429361,0.9890862198267297
1,1.0,1.0,1.0
2,0.9889160097707745,0.9802622143827527,0.9926780917041568
3,0.99427428601796,0.9888130147027184,0.9962141171917757
4,0.9942707770993972,0.9888179395840835,0.9962093486339934
5,1.0,1.0,1.0
6,1.0,1.0,1.0
7,0.988819201420536,0.9802731073343667,0.9925964255386268
8,0.98859288999401,0.9776843097633053,0.9924388124179236
9,0.9884376237340956,0.9801981895835989,0.9923278501866846
