,queries,certified,good_in,good_out
0,10,8,0.0,0.0
1,10,15,0.8540106951871658,0.6862745098039216
2,10,23,0.245,0.11011904761904762
3,9,32,0.5155030938929244,0.4302469135802469
4,10,42,0.3636574074074074,0.30608465608465607
5,10,53,0.27935652167256136,0.26819444444444446
6,10,62,0.2598621632996633,0.2561207311207311
7,10,72,0.2724765974765975,0.24871794871794872
8,10,82,0.23098195800059154,0.18410256410256412
9,10,93,0.09657253732946611,0.08205213903743315
