,queries,certified,good_in,good_out
0,10,8,0.0,0.0
1,4,10,1.0,0.8385802469135802
2,3,12,1.0,0.6827863507933059
3,5,15,1.0,0.8967164910561137
4,6,19,0.25,0.18502248500999335
5,9,27,0.6666666666666666,0.6252292077122069
6,9,34,0.6458333333333334,0.47790921395572555
7,10,42,0.6666666666666666,0.44558437482166297
8,9,50,0.5,0.47000000000000003
9,10,59,0.2833333333333333,0.17969644902634593
