,queries,certified,good
0,10,8,0.0
1,8,13,0.8875368452875821
2,5,17,0.873085031623331
3,10,25,0.8713418633596017
4,10,33,0.0435105254035804
5,10,41,0.05960728578114441
6,10,48,0.008582331171439365
7,10,58,0.005465097948247972
8,10,67,0.03515467893242153
9,10,74,0.1170062534311606
