,queries,certified,good_in,good_out
0,10,7,0.0,0.0
1,10,12,1.0,1.0
2,10,16,1.0,1.0
3,10,22,0.4921875,0.49635036496350365
4,10,28,0.47916666666666663,0.4903225806451613
5,10,34,0.47916666666666663,0.4983333333333333
6,10,40,0.47916666666666663,0.4983333333333333
7,10,47,0.47916666666666663,0.4983333333333333
8,10,52,0.20833333333333334,0.22169811320754718
9,10,56,0.20833333333333334,0.22097378277153557
