,queries,certified,good
0,10,10,0.0
1,9,17,0.9871794871794872
2,10,24,0.9875
3,9,31,0.9880952380952381
4,10,38,0.9883720930232558
5,10,45,0.9886363636363636
6,10,54,0.9925925925925926
7,10,62,0.9927536231884058
8,10,70,0.9930555555555555
9,10,78,0.9931972789115647
