,queries,certified,good
0,10,10,0.0
1,10,17,0.889128511391285
2,7,23,0.89792008757526
3,9,30,0.968375
4,10,38,0.9791615791615792
5,10,47,0.9794003022349479
6,10,56,0.9800995024875622
7,10,65,0.9803195352214961
8,9,74,0.9805342426825803
9,8,83,0.9790189125295509
