,ARI 0,AMI 0,FMI 0
0,1.0,1.0,1.0
1,0.9999264539982406,0.9998818884073946,0.9999298099353724
2,1.0,1.0,1.0
3,1.0,1.0,1.0
4,0.9999264539982406,0.9998818884073946,0.9999298099353724
5,1.0,1.0,1.0
6,1.0,1.0,1.0
7,1.0,1.0,1.0
8,1.0,1.0,1.0
9,1.0,1.0,1.0
