,ARI 0,AMI 0,FMI 0
0,0.9610163742974831,0.9390442559333511,0.9743388321550143
1,0.980280739387653,0.9694845760634949,0.9870038454033125
2,0.960902418520019,0.9391607034833636,0.9741833508956795
3,1.0,1.0,1.0
4,1.0,1.0,1.0
5,1.0,1.0,1.0
6,0.9802251719846549,0.9695409313843592,0.986927584681089
7,1.0,1.0,1.0
8,0.9801737868188142,0.9695918930146584,0.9868574761178408
9,0.980126822960831,0.9696375396850826,0.9867937324794734
