,queries,certified,good
0,10,8,0.0
1,10,15,1.0
2,10,23,0.9642857142857143
3,10,31,1.0
4,10,42,0.8227272727272728
5,10,53,0.8303571428571428
6,8,60,1.0
7,9,67,1.0
8,9,74,1.0
9,10,84,0.8108989287377737
