,queries,certified,good
0,10,8,0.0
1,10,15,0.9743589743589743
2,10,23,0.8186274509803922
3,10,32,0.8390804597701149
4,7,38,0.9106382978723404
5,7,44,0.9110169491525424
6,7,50,0.9113924050632911
7,7,56,0.9117647058823529
8,7,62,0.9121338912133892
9,7,68,0.9125
