,queries,certified,good_in,good_out
0,10,8,0.0,0.0
1,10,14,0.9615384615384616,0.9468864468864469
2,10,21,0.24492612373786599,0.247406520747834
3,10,28,0.2449581063773975,0.24740531515872288
4,10,37,0.07164703518463304,0.07236135058685644
5,10,48,0.024993360870918416,0.025633163141282875
6,10,57,0.02509981329385034,0.025558212841806795
7,10,66,0.2200916572113773,0.22040087551222118
8,10,74,0.17586664048763367,0.1758991982976967
9,10,80,0.17586664048763367,0.17589919262990814
