,queries,certified,good_in,good_out
0,10,8,0.0,0.0
1,10,16,0.21728268543189636,0.20606060606060606
2,10,27,0.4103699258842788,0.4000813091703977
3,10,38,0.4116159041303379,0.41666666666666663
4,9,46,0.3019197618748517,0.30106606606606606
5,10,55,0.2774374114231897,0.28286479250334673
6,10,64,0.27953792271975814,0.23333333333333334
7,10,73,0.2753444904358161,0.26497777777777776
8,10,83,0.2793788459550021,0.016628614916286148
9,10,93,0.2795936391065771,0.008333333333333333
