,queries,certified,good
0,10,10,0.0
1,3,12,0.9871794871794872
2,4,14,0.9875
3,3,16,0.9880952380952381
4,4,18,0.9883720930232558
5,2,20,0.9886363636363636
6,3,22,0.9924242424242425
7,4,24,0.9925925925925926
8,2,25,0.9791666666666666
9,2,26,0.9791666666666666
