,queries,certified,good_in,good_out
0,10,6,0.0,0.0
1,10,10,1.0,0.13636363636363635
2,10,13,0.5,0.0625
3,10,15,0.4166666666666667,0.03125
4,10,18,0.4166666666666667,0.031746031746031744
5,10,20,0.4027777777777778,0.2757352941176471
6,10,22,0.38888888888888884,0.3002450980392157
7,10,24,0.3878205128205128,0.13357843137254902
8,10,26,0.3878205128205128,0.3002450980392157
9,10,28,0.3878205128205128,0.3002450980392157
