,queries,certified,good
0,10,10,0.0
1,8,15,1.0
2,10,22,1.0
3,9,29,1.0
4,10,36,0.9545454545454546
5,10,43,0.9583333333333333
6,10,49,1.0
7,10,56,1.0
8,10,65,1.0
9,10,73,1.0
