,queries 0,certified 0,% good ML in hull 0
0,10,8,0.0
1,10,10,0.0
2,10,12,0.0
3,10,14,1.0
4,10,16,0.125
5,10,18,0.25
6,10,20,0.375
7,10,23,0.3541666666666667
8,10,25,0.3541666666666667
9,10,27,0.3541666666666667
