,ARI 0,AMI 0,FMI 0
0,0.9963961220200607,0.9869408475278111,0.9975157541084159
1,1.0,1.0,1.0
2,0.9977605447099348,0.9906062269769055,0.9984563716758247
3,1.0,1.0,1.0
4,1.0,1.0,1.0
5,0.9988408280245152,0.9952679410332745,0.999200989574401
6,0.9988407449547101,0.9952676474139203,0.9992008846206669
7,0.9975158226929164,0.9904157825762553,0.9982875317318869
8,0.9989117814989962,0.9953340421996612,0.999249894355018
9,0.998911943888047,0.9953349027649788,0.9992500996367801
