,ARI 0,AMI 0,FMI 0
0,0.9960317070234899,0.990721959076654,0.9977981759110659
1,1.0,1.0,1.0
2,1.0,1.0,1.0
3,0.9977634224701354,0.9919477759288869,0.9987590176432455
4,0.9977607894102186,0.9919502151636435,0.9987570520297586
5,1.0,1.0,1.0
6,1.0,1.0,1.0
7,1.0,1.0,1.0
8,0.9977577215909094,0.991960207579226,0.9987534347232253
9,1.0,1.0,1.0
