,queries 0,certified 0,% good ML in hull 0
0,10,9,0.0
1,10,15,0.2266261718816463
2,10,20,0.2116584693239324
3,10,27,0.3890799260225935
4,10,36,0.0436316007001847
5,10,44,0.0434649523102457
6,10,50,0.0432823281242077
7,10,56,0.0432078234916696
8,10,63,0.0431305130275396
9,10,69,0.0090170101879955
