,queries 0,certified 0,% good ML in hull 0
0,10,8,0.0
1,10,16,0.2172826854318963
2,10,27,0.4103699258842788
3,10,38,0.4116159041303379
4,9,46,0.3019197618748517
5,10,55,0.2774374114231897
6,10,64,0.2795379227197581
7,10,73,0.2753444904358161
8,10,83,0.2793788459550021
9,10,93,0.2795936391065771
