,queries 0,certified 0,% good ML in hull 0
0,10,8,0.0
1,10,15,0.664041832010582
2,9,21,0.4152090402090402
3,10,27,0.4157596855167187
4,10,33,0.4057225738396625
5,10,39,0.4057291666666667
6,10,45,0.4057291666666667
7,10,51,0.4057387525562372
8,10,57,0.4057387525562372
9,10,63,0.4057387525562372
