,queries,certified,good_in,good_out
0,10,8,0.0,0.0
1,10,15,0.21696534357898775,0.21608367764272482
2,10,24,0.21513136708230415,0.2169381955650932
3,10,34,0.41041795407788295,0.4091222027253796
4,10,45,0.30186793394194866,0.2993139737314223
5,10,54,0.05629077732190189,0.05432997556407948
6,10,64,0.21253582780649896,0.208436176537251
7,10,72,0.212536392318986,0.20824531208174393
8,10,80,0.2125369529885214,0.20824531208174393
9,10,89,0.21253749936495292,0.20824531208174393
