,queries,certified,good_in,good_out
0,10,9,0.0,0.0
1,9,12,1.0,1.0
2,6,14,1.0,1.0
3,6,17,1.0,1.0
4,9,20,1.0,1.0
5,10,23,1.0,1.0
6,2,24,0.5,0.4897959183673469
7,6,26,0.5,0.4897959183673469
8,6,28,0.25,0.24489795918367346
9,9,31,0.125,0.12121212121212122
