,queries,certified,good_in,good_out
0,10,9,0.0,0.0
1,10,14,0.25,0.2389705882352941
2,10,19,0.5,0.484375
3,10,24,1.0,0.967741935483871
4,10,29,0.6666666666666666,0.4930555555555556
5,10,34,0.0763888888888889,0.013664874551971325
6,8,38,0.0763888888888889,0.013454861111111112
7,10,42,0.2916666666666667,0.041666666666666664
8,10,47,0.3055555555555556,0.05555555555555555
9,10,52,0.22083333333333335,0.01875
