,queries,certified,good_in,good_out
0,10,8,0.0,0.0
1,10,10,0.5,0.17869807497467072
2,10,12,1.0,0.4571428571428572
3,10,14,0.41666666666666663,0.24494689159637612
4,10,16,0.41666666666666663,0.34453616352201255
5,10,18,0.41666666666666663,0.2632381201956674
6,10,20,0.41666666666666663,0.3413658736669401
7,10,21,0.41145833333333337,0.37335526315789475
8,10,22,0.41145833333333337,0.3594613259668508
9,10,23,0.41145833333333337,0.3392210144927536
