,queries,certified,good_in,good_out
0,10,8,0.0,0.0
1,10,11,0.4666666666666667,0.1648970398970399
2,10,14,0.9642857142857143,0.4318681318681319
3,10,17,0.5396825396825397,0.4534798534798535
4,10,20,0.5396825396825397,0.37318295739348367
5,10,23,0.37878787878787873,0.26526059242594674
6,10,28,0.41666666666666663,0.20535714285714285
7,10,32,0.41666666666666663,0.33426339285714285
8,10,35,0.3371212121212121,0.26794258373205737
9,10,39,0.41666666666666663,0.373070987654321
