,ARI 0,AMI 0,FMI 0
0,0.998335440111386,0.9978852032969467,0.9985690863057306
1,0.9971338379275366,0.9959734128217935,0.9975375243031456
2,0.9968980063619405,0.9958441372227692,0.997335031162637
3,1.0,1.0,1.0
4,0.9976546273540662,0.9960608625482165,0.997985261172716
5,1.0,1.0,1.0
6,1.0,1.0,1.0
7,1.0,1.0,1.0
8,0.9926137340026246,0.9883988930731039,0.9936561889161918
9,1.0,1.0,1.0
