,queries 0,certified 0,% good ML in hull 0
0,10,6,0.0
1,8,9,0.5
2,10,12,0.2039473684210526
3,10,15,0.4692982456140351
4,10,17,0.4013157894736842
5,10,19,0.2977642276422764
6,10,22,0.3932926829268293
7,10,24,0.255787037037037
8,10,25,0.2554012345679012
9,10,26,0.2151041666666666
