,ARI 0,AMI 0,FMI 0
0,0.9969360173591068,0.9958945837750988,0.9972463361646546
1,1.0,1.0,1.0
2,1.0,1.0,1.0
3,0.9988978770543534,0.9986168387653531,0.999009490765372
4,0.9987794668938945,0.9985918664146992,0.9989030331995585
5,0.998779365202437,0.9985918506195635,0.9989029299699134
6,0.9989361219697077,0.9986230243220393,0.9990438286459393
7,1.0,1.0,1.0
8,1.0,1.0,1.0
9,1.0,1.0,1.0
