,queries 0,certified 0,% good ML in hull 0
0,10,8,0.0
1,10,14,0.9615384615384616
2,10,21,0.2449261237378659
3,10,28,0.2449581063773975
4,10,37,0.071647035184633
5,10,48,0.0249933608709184
6,10,57,0.0250998132938503
7,10,66,0.2200916572113773
8,10,74,0.1758666404876336
9,10,80,0.1758666404876336
