,ARI 0,AMI 0,FMI 0
0,0.9960965865956481,0.9889882293380972,0.99805324732275
1,0.9980473388636265,0.9939121190068246,0.9990261972909065
2,0.9970717233346696,0.9913574834318761,0.9985396911013392
3,0.9970717225230676,0.9913571832437386,0.9985397675186463
4,0.9980473377811284,0.9939116939770497,0.9990262991972797
5,0.9990234302721166,0.9969557066606548,0.9995130439455049
6,0.9990234302721166,0.9969557066606548,0.9995130439455049
7,1.0,1.0,1.0
8,1.0,1.0,1.0
9,1.0,1.0,1.0
