,queries 0,certified 0,% good ML in hull 0
0,10,8,0.0
1,10,15,0.2169653435789877
2,10,24,0.2151313670823041
3,10,34,0.4104179540778829
4,10,45,0.3018679339419486
5,10,54,0.0562907773219018
6,10,64,0.2125358278064989
7,10,72,0.212536392318986
8,10,80,0.2125369529885214
9,10,89,0.2125374993649529
