,queries,certified,good
0,10,8,0.0
1,10,14,0.9928544706322485
2,10,20,0.9969135802469136
3,9,26,0.9969135802469136
4,9,32,0.9969135802469136
5,9,38,0.9969135802469136
6,9,44,0.9969135802469136
7,9,50,0.9969135802469136
8,9,56,0.9969135802469136
9,9,62,0.9969135802469136
