,queries,certified,good_in,good_out
0,10,9,0.0,0.0
1,10,15,0.25,0.19677919442014846
2,10,21,0.5,0.43075407649875735
3,10,28,0.16666666666666666,0.13844051798790005
4,10,34,0.05555555555555555,0.047724204820185134
5,10,42,0.10227272727272727,0.08858078175157916
6,10,49,0.024956597222222224,0.0216570348173516
7,10,56,0.024857704817158932,0.021540397493407935
8,10,62,0.020821868448637315,0.018175033297418017
9,10,70,0.05566666666666666,0.04258752864894074
