,ARI 0,AMI 0,FMI 0
0,0.9652764179552343,0.9463885407334286,0.9790173370849304
1,0.9658276152673438,0.9334142692801004,0.9792032066665716
2,0.9673685485554451,0.9434526407669765,0.9802140783573912
3,0.9983475290746515,0.9920041946350561,0.9990007214514098
4,1.0,1.0,1.0
5,1.0,1.0,1.0
6,1.0,1.0,1.0
7,1.0,1.0,1.0
8,1.0,1.0,1.0
9,1.0,1.0,1.0
