,ARI 0,AMI 0,FMI 0
0,0.9681923054596068,0.9341639861783997,0.9840709228288333
1,0.9840320243133913,0.9663083882625907,0.9920033527596055
2,1.0,1.0,1.0
3,1.0,1.0,1.0
4,1.0,1.0,1.0
5,1.0,1.0,1.0
6,1.0,1.0,1.0
7,1.0,1.0,1.0
8,1.0,1.0,1.0
9,1.0,1.0,1.0
