,queries 0,certified 0,% good ML in hull 0
0,10,8,0.0
1,10,16,1.0
2,10,24,0.1925925925925926
3,10,34,0.1925925925925926
4,10,43,0.1925925925925926
5,10,51,0.1492063492063492
6,10,59,0.1492063492063492
7,10,67,0.1492063492063492
8,10,75,0.1492063492063492
9,10,83,0.1492063492063492
