,queries 0,certified 0,% good ML in hull 0
0,10,8,0.0
1,10,16,0.9743589743589745
2,10,24,0.1919934640522876
3,10,34,0.3968855218855218
4,10,43,0.3953488372093023
5,9,50,0.3943089430894309
6,9,58,0.4004424778761062
7,7,64,0.4848484848484848
8,7,70,0.4848484848484848
9,7,76,0.4848484848484848
