,ARI 0,AMI 0,FMI 0
0,0.9681923054596068,0.9341639861783997,0.9840709228288333
1,0.9760961254157898,0.9474852524439779,0.9880280415389382
2,0.99199998169963,0.9811498285260843,0.9959939345682841
3,1.0,1.0,1.0
4,1.0,1.0,1.0
5,1.0,1.0,1.0
6,1.0,1.0,1.0
7,1.0,1.0,1.0
8,1.0,1.0,1.0
9,1.0,1.0,1.0
