,queries 0,certified 0,% good ML in hull 0
0,10,8,0.0
1,10,11,0.4666666666666667
2,10,14,0.9642857142857144
3,10,17,0.5396825396825397
4,10,20,0.5396825396825397
5,10,23,0.3787878787878787
6,10,28,0.4166666666666666
7,10,32,0.4166666666666666
8,10,35,0.3371212121212121
9,10,39,0.4166666666666666
