,ARI 0,AMI 0,FMI 0
0,0.9969360173591068,0.9958945837750988,0.9972463361646546
1,1.0,1.0,1.0
2,0.9990574061812916,0.9986481912952881,0.9991528669419436
3,0.9990573813925911,0.9986481793738162,0.9991528417613161
4,0.9987769994668337,0.9985913157035387,0.9989008478154956
5,1.0,1.0,1.0
6,1.0,1.0,1.0
7,1.0,1.0,1.0
8,1.0,1.0,1.0
9,1.0,1.0,1.0
