,queries 0,certified 0,% good ML in hull 0
0,10,8,0.0
1,10,10,0.5
2,10,12,1.0
3,10,14,0.4166666666666666
4,10,16,0.4166666666666666
5,10,18,0.4166666666666666
6,10,20,0.4166666666666666
7,10,21,0.4114583333333333
8,10,22,0.4114583333333333
9,10,23,0.4114583333333333
