,queries,certified,good_in,good_out
0,10,8,0.0,0.0
1,5,11,0.9772727272727273,1.0
2,3,13,0.24537037037037035,0.125
3,3,15,0.20833333333333331,0.25
4,3,17,0.20833333333333331,0.25
5,0,17,0.20833333333333331,0.25
6,0,17,0.20833333333333331,0.25
7,0,17,0.20833333333333331,0.25
8,0,17,0.20833333333333331,0.25
9,0,17,0.20833333333333331,0.25
