,queries,certified,good_in,good_out
0,10,8,0.0,0.0
1,10,15,0.664041832010582,0.6626984126984127
2,9,21,0.41520904020904026,0.375
3,10,27,0.41575968551671877,0.375
4,10,33,0.4057225738396625,0.41666666666666663
5,10,39,0.4057291666666667,0.375
6,10,45,0.4057291666666667,0.375
7,10,51,0.40573875255623726,0.125
8,10,57,0.40573875255623726,0.125
9,10,63,0.40573875255623726,0.125
