,queries,certified,good_in,good_out
0,10,7,0.0,0.0
1,10,12,0.8918918918918919,0.5
2,10,18,0.6344827586206897,0.4626068376068376
3,10,24,0.6337868480725624,0.46444444444444444
4,10,30,0.6304824561403509,0.463718820861678
5,10,36,0.6290322580645161,0.4634703196347032
6,10,42,0.6292735042735043,0.4647887323943662
7,10,48,0.629511677282378,0.462406015037594
8,10,54,0.6289308176100629,0.4590395480225989
9,10,60,0.6275720164609053,0.4052631578947368
