,queries,certified,good
0,10,7,0.0
1,10,11,1.0
2,10,16,1.0
3,10,21,1.0
4,10,27,0.984375
5,10,33,0.9583333333333333
6,10,39,0.9722222222222222
7,10,45,0.9934640522875817
8,10,51,0.9615384615384616
9,10,56,0.9743589743589745
