,queries 0,certified 0,% good ML in hull 0
0,10,7,0.0
1,10,12,0.9488188976377953
2,10,17,0.6497395833333334
3,10,22,0.6487179487179487
4,10,27,0.648854961832061
5,10,32,0.648989898989899
6,10,36,0.6491228070175439
7,10,40,0.6492537313432836
8,10,44,0.6472019464720195
9,10,48,0.6473429951690821
