,queries 0,certified 0,% good ML in hull 0
0,10,7,0.0
1,10,12,0.8918918918918919
2,10,18,0.6344827586206897
3,10,24,0.6337868480725624
4,10,30,0.6304824561403509
5,10,36,0.6290322580645161
6,10,42,0.6292735042735043
7,10,48,0.629511677282378
8,10,54,0.6289308176100629
9,10,60,0.6275720164609053
