,queries,certified,good_in,good_out
0,10,8,0.0,0.0
1,10,14,1.0,0.9743589743589743
2,10,21,1.0,0.9741935483870967
3,10,27,0.5,0.48006134969325154
4,10,33,0.5,0.4652406417112299
5,10,39,0.5,0.4652406417112299
6,10,45,0.5,0.4644736842105263
7,10,51,0.2222222222222222,0.1882858187134503
8,10,58,0.2222222222222222,0.19829059829059828
9,10,64,0.17128091546696197,0.19720119614989254
