,queries,certified,good_in,good_out
0,10,8,0.0,0.0
1,10,16,1.0,0.9703703703703703
2,10,24,0.19259259259259262,0.19318478369968883
3,10,34,0.19259259259259262,0.194238683127572
4,10,43,0.19259259259259262,0.194238683127572
5,10,51,0.1492063492063492,0.17893004115226338
6,10,59,0.1492063492063492,0.17893004115226338
7,10,67,0.1492063492063492,0.17929824561403507
8,10,75,0.1492063492063492,0.17733386338037502
9,10,83,0.1492063492063492,0.17733386338037502
