,queries,certified,good_in,good_out
0,10,8,0.0,0.0
1,10,16,0.9743589743589743,1.0
2,10,24,0.1919934640522876,0.0
3,10,34,0.39688552188552184,0.08333333333333333
4,10,43,0.39534883720930236,0.25
5,9,50,0.3943089430894309,0.2916666666666667
6,9,58,0.4004424778761062,0.2916666666666667
7,7,64,0.48484848484848486,0.3333333333333333
8,7,70,0.48484848484848486,0.3333333333333333
9,7,76,0.48484848484848486,0.3333333333333333
