,queries,certified,good_in,good_out
0,10,7,0.0,0.0
1,10,11,1.0,0.5131578947368421
2,10,15,1.0,0.7016129032258065
3,10,19,1.0,0.7016129032258065
4,10,24,1.0,0.7049180327868853
5,10,29,1.0,0.7049180327868853
6,10,33,1.0,0.7358490566037736
7,10,37,0.5,0.43814699792960665
8,10,41,0.5,0.44027777777777777
9,10,45,0.41666666666666663,0.3046155774314101
