,queries,certified,good_in,good_out
0,10,7,0.0,0.0
1,10,12,0.9488188976377953,0.5384615384615384
2,10,17,0.6497395833333334,0.48136352913422975
3,10,22,0.6487179487179487,0.48125
4,10,27,0.648854961832061,0.48263888888888884
5,10,32,0.648989898989899,0.48184955141476876
6,10,36,0.6491228070175439,0.48184955141476876
7,10,40,0.6492537313432836,0.48184955141476876
8,10,44,0.6472019464720195,0.48526835483357217
9,10,48,0.6473429951690821,0.4860576923076923
