,queries,certified,good_in,good_out
0,10,6,0.0,0.0
1,8,9,0.5,0.16617327539380772
2,10,12,0.20394736842105263,0.08310771889400921
3,10,15,0.4692982456140351,0.1231556646598565
4,10,17,0.4013157894736842,0.10847503323927751
5,10,19,0.2977642276422764,0.06733039535228641
6,10,22,0.3932926829268293,0.1177730165610669
7,10,24,0.25578703703703703,0.058732586304621213
8,10,25,0.25540123456790126,0.0598455189348072
9,10,26,0.21510416666666665,0.057881635408536414
