,queries,certified,good_in,good_out
0,10,5,0.0,0.0
1,10,7,0.0,0.0
2,10,8,1.0,0.20652173913043478
3,10,9,1.0,0.05
4,10,10,1.0,0.2037037037037037
5,10,11,1.0,0.107981220657277
6,10,13,0.23579545454545453,0.022932203639145082
7,10,15,0.2361111111111111,0.013154533844189017
8,10,18,0.21647509578544064,0.0649579877770123
9,10,21,0.37193627450980393,0.12557816602016844
