,queries,certified,good_in,good_out
0,10,9,0.0,0.0
1,10,15,0.22662617188164635,0.1390299074457798
2,10,20,0.21165846932393248,0.16192611274578486
3,10,27,0.38907992602259356,0.19191061591126723
4,10,36,0.04363160070018477,0.0018502586594691859
5,10,44,0.04346495231024576,0.0014995335820895523
6,10,50,0.0432823281242077,0.0012847826086956524
7,10,56,0.04320782349166962,0.0013679534313725489
8,10,63,0.043130513027539674,0.001052827380952381
9,10,69,0.009017010187995578,0.003028985507246377
